Archibald Gorczany V,New Zander,95721140,2017-06-22
Doyle Parker,Morganberg,22874178,2017-07-09
Mr. Gerald Graham,Kodyshire,13650953,2018-01-24
Justyn Harber,Port Colton,34858861,2017-06-22
Aliyah Hirthe,New Tobinside,54847313,2017-12-14
Silas Konopelski,Stehrbury,1926807,2017-04-07
Miracle Marvin,Bashirianton,40763328,2018-01-16
Cloyd Monahan,Nikolauschester,41060439,2017-06-06
Dominique Quigley,New Rosendohaven,98480845,2018-02-06
Dallin Ferry DDS,New Ashlynnbury,88965495,2018-03-05
Ms. Mariam Sawayn,Klington,85009067,2017-06-12
Kirsten Marvin,Concepcionfurt,8884934,2017-10-14
