Ms. Chris Cassin,North Santiago,5811,2017-10-14
Heath Lindgren PhD,Jayceport,6359,2017-06-16
Mrs. Anthony Wisozk,Port Kennafort,1712,2017-04-28
Graciela Langosh,New Alisa,6221,2017-05-16
Wilber Hoeger,Rohanstad,145,2017-03-24
Ms. Deonte Senger,East Collinstad,9505,2018-02-03
Miss Alan Anderson,Letitiaview,6986,2017-04-02
Darrick Volkman,Nicolettehaven,5565,2017-09-14
Reyes Schaefer,Wymanchester,339,2017-05-14
Genoveva Wuckert,Batzmouth,6677,2017-11-29
Brendan Lynch,Lake Anabel,270,2017-05-13
Randall Mayert,Corwinberg,810,2017-04-27
Angela Daugherty,Robertastad,7004,2017-09-21
Lacy Lesch,Blickland,4910,2017-08-30
Arlie Leffler,Port Reggie,2070,2017-06-24
Trevor Feil,South Kareem,9140,2017-03-25
Wiley Hammes DDS,North Jadeland,2139,2017-06-09
Dustin Turcotte,New Emmie,304,2017-11-25
Mrs. Collin Lehner,Lake Luis,3776,2017-10-03
Spencer Huels DDS,North Billie,7731,2017-05-08
Mikel Borer,Klockoshire,3682,2017-04-21
Elbert Green Jr.,Xavierberg,7154,2018-02-10
Joe Zboncak,Zettachester,5876,2018-01-30
Colt Hermiston,Lake Cassie,2624,2017-05-28
Darren Lubowitz,North Alverta,7540,2017-07-03
Hanna Johnston,North Carolton,5194,2017-05-30
Kian Bechtelar I,Harrisontown,4940,2017-11-28
Waino Howell,North Eleanoraborough,5194,2017-07-13
Bart Buckridge,Jannieborough,9196,2017-11-14
Damion Grady I,Alfordside,6499,2017-06-24
Angus Funk,East Bettiechester,8406,2017-07-09
Dr. Shaina Lowe,New Bridgetton,499,2017-12-26
Ms. Retha Franecki,Considineburgh,5649,2017-04-22
Mary Brekke IV,Lueton,7954,2017-12-09
Wanda O'Reilly,Robelbury,6130,2017-12-25
Alexane Stracke,South Marcella,4235,2017-10-16
Sterling Kessler III,Lavonview,1361,2018-02-22
Miss Helene Mante,North Jamarborough,8621,2018-03-07
Marcella Morar II,South Lesliefort,3669,2017-04-11
Makenna McClure,East Roosevelt,1650,2017-07-21
Alf Kuphal,East Beulah,3070,2017-04-01
Erick Tromp,South Enoch,4002,2017-11-16
Juana Howe,Lehnerville,2007,2017-05-17
Fannie Ledner,Erdmanbury,6255,2017-07-17
Savion Schimmel,Sunnyport,4931,2018-01-01
Juwan Renner,Wisozkburgh,8355,2017-05-01
Briana Bednar,McClureton,6895,2017-10-07
Rebekah Batz,New Andreanechester,225,2017-10-10
Glen Lakin,Port Josie,3434,2017-09-09
Mina Littel,Arianefort,8825,2017-04-13
Mozelle Ortiz DVM,Hoegerburgh,8271,2017-08-24
Norwood Medhurst,East Libbyview,6658,2017-08-15
Kurt Bednar,Abshireton,8810,2018-01-08
Raleigh Lindgren,East Lourdesmouth,982,2017-11-11
Hyman Stoltenberg DDS,Lake Keatonchester,344,2017-08-06
Dr. Edmund Smitham,East Annamae,5666,2017-03-24
Jaylen Hane,Armstrongmouth,5191,2017-06-13
Larry Braun,Krystinaland,6946,2017-09-29
Eva Luettgen,Reingerstad,260,2017-04-28
Durward Senger Jr.,Gleichnerburgh,8965,2017-04-26
Zachary Klein,Hammesmouth,7205,2017-03-27
Kristina Larkin,South Delphine,7883,2018-01-29
Dora Wolf,New Marcellefurt,2545,2017-04-06
Treva Stroman,Alfordfurt,1080,2017-07-19
Sally Thiel,Port Cleta,6846,2017-08-22
Maurice Bergstrom I,Olgashire,7327,2017-08-11
Emiliano Bins DVM,Dalehaven,2423,2017-09-10
Clyde Emard,Turcottechester,4403,2017-08-15
Miss Jovani Gottlieb,Greggville,1038,2017-10-10
Mariam Rohan,East Rosamondside,9417,2017-11-03
Dr. Narciso Rutherford,Metzville,7174,2017-07-18
Mr. Rhea Lockman,East Brianamouth,5866,2017-10-09
Astrid Homenick,North Emilianomouth,9744,2017-09-03
Rocky Larkin,New Margot,8151,2017-03-26
Magali Bartoletti,East Olga,803,2018-01-20
Wanda Kuhic,West Kallie,9550,2017-06-02
Sebastian Hermann,Darioborough,9871,2017-12-01
Sunny Nader,Annaliseborough,1062,2017-09-23
Mrs. Rashad Crist,East Brettown,1201,2017-03-28
Thelma Lemke,Bayerfort,109,2017-06-08
Delmer Hegmann,Tressaside,4028,2017-07-12
Devon Rogahn,East Deborahview,5020,2017-06-28
Philip Schimmel III,Dickiland,2432,2017-12-09
Shannon Lebsack,Gottliebland,6559,2017-12-17
Miss Nannie Bergstrom,Gastonfurt,9518,2017-11-19
Trinity Auer,Steuberborough,8158,2017-11-08
Sallie Runolfsson,Kennedistad,9497,2017-06-02
Noelia Hermiston,North Yazmin,5355,2017-04-14
Miss Justyn Weimann,Donnellyville,5236,2018-03-05
Aurelie Stark,Beauland,8572,2017-12-24
Miss Verna Terry,Port Heavenchester,2071,2017-08-04
Gerhard Ullrich,Port Desireeshire,5601,2017-08-05
Tyra Lesch,Dockport,1857,2018-01-29
Amira Skiles,Port Jedidiahborough,1870,2018-03-11
Mrs. Monte Bartell,Reynoldsmouth,1910,2017-11-23
Chasity Morissette,New Sidneyland,3852,2017-11-21
Dillon Pfeffer,Parisianberg,170,2017-12-31
Kaitlyn Tromp,Lake Devonte,3774,2017-06-18
Darren Denesik,Lake Aliburgh,8710,2017-12-18
Josiane Kilback Jr.,Celestineborough,9089,2017-06-06
Kaela Adams,Boganland,3061,2017-05-19
Alverta Stracke,New Sheashire,8540,2017-12-18
Greg Grimes I,Port Grover,4043,2017-06-21
Dr. Philip Streich,North Mya,577,2017-06-07
Terry Breitenberg DDS,Lake Lavernatown,3782,2017-12-04
Annie Glover,Port Erickaland,1241,2017-12-22
Miss Destin Fahey,South Napoleon,9812,2018-01-15
Rachelle Kreiger Sr.,Michaelaland,8198,2017-12-09
Mrs. Amiya DuBuque,Jasperville,9072,2017-12-28
Wilmer Wilderman,McLaughlintown,354,2017-08-17
Ezekiel Little,Prosaccostad,3569,2017-11-23
Ms. Jayde Morissette,Magnusborough,9201,2017-11-30
Natalie Sporer,Eastonland,8845,2017-11-02
Mrs. Lamont Sawayn,Jaylonfort,4037,2017-10-15
Harrison Kris IV,Port Kelli,4560,2017-11-19
Jody Collier,Savanahtown,3724,2017-11-30
Wilbert Price,Priscillaburgh,7350,2018-02-11
Nina Harber DDS,Lake Donaldfurt,3665,2017-06-06
Linnie Grimes,Hellershire,5443,2018-02-25
Tate Schimmel,South Howellmouth,9488,2017-07-10
Llewellyn Fahey DDS,West Ottotown,7694,2017-07-15
Lillie Durgan,Nicoleville,6011,2017-05-24
Mr. Madonna Heidenreich,Prohaskaland,4555,2017-06-27
Jordi Fritsch Sr.,North Lilaberg,3910,2017-08-28
Mr. Leslie Armstrong,Port Alicia,2624,2018-01-26
Fleta Wilderman,New Karine,2291,2017-07-01
Bridgette Koelpin,Feesttown,2674,2017-03-22
Iliana Nicolas,North Destany,3204,2017-12-12
Ulices Harber,Schulistburgh,1331,2017-04-15
Dr. Darwin Schamberger,East Jessieborough,3419,2017-09-17
Riley Gutkowski,Jeantown,1463,2017-05-23
Mariana Simonis,Daronland,1601,2017-04-14
Modesto Haag,Lindgrenville,1672,2017-04-09
Mina Murphy,Strosinbury,2882,2018-01-02
Abbey Gislason,Zelmamouth,6988,2018-02-23
Nasir Haley,Wehnerfurt,5318,2017-12-21
Louvenia Lakin,New Jaredview,1011,2017-12-18
Lura Nitzsche,Schoenview,2879,2017-08-13
Elinor Donnelly,North Jerelmouth,4170,2017-07-25
Joyce O'Keefe,Beierchester,1517,2017-08-01
Leola Parisian,Millsfort,8358,2017-11-11
Arthur Sipes,East Marieport,9225,2017-07-12
Leonard Goldner,Port Scottie,833,2017-09-29
Lora Windler,Hudsonshire,1923,2017-07-30
Richard Flatley,New Eldridgeshire,7230,2017-07-26
Dr. Elise Pollich,West Eileenstad,9535,2018-02-11
Garrison Kohler V,Gutmannburgh,1730,2017-06-10
Grayce Cartwright,Daneshire,5678,2018-02-28
Nichole Krajcik,West Rocioborough,5594,2017-12-16
Darius Hauck,Summerton,5441,2017-09-21
Bessie Kunde,Faychester,1738,2018-02-16
Cory Lindgren,Mayerttown,9054,2017-08-03
Viola Roberts,South Jessshire,373,2018-01-06
Della Jacobi,Port Jed,3557,2017-11-20
Dr. Billy Baumbach,Sheridanland,1013,2017-06-23
Marco Hartmann,Port Presleyfort,2896,2018-01-15
Mr. Ena Farrell,Port Ozellaton,1869,2018-03-05
Garfield West,Sengerborough,6301,2017-04-22
Remington Abernathy,North Jordi,9167,2017-07-27
Madge Crona DVM,Adahhaven,637,2017-04-17
Elian Dibbert,Sofiafort,1372,2017-05-22
Mrs. Derrick Breitenberg,Brauntown,24,2017-11-01
Consuelo Franecki,New Nyahton,1367,2017-11-20
Vernie Klein,South Maxwellside,5780,2017-09-12
Jameson Terry,North Megane,5914,2017-03-16
Otis White,Kozeyburgh,9043,2017-04-05
Phoebe Beer,Josiahchester,7217,2017-10-02
Abigail Halvorson,Rosaside,3758,2017-04-29
Dr. Korbin Legros,Lubowitzshire,6977,2017-05-07
Laury Koch DDS,Jeanfort,8556,2018-01-23
Ms. Betsy Smith,Faeton,472,2018-01-25
Otis Dicki,Ryanburgh,3911,2017-12-26
Christina Donnelly,North Vincent,9664,2017-08-27
Judd Lehner,Lake Davionshire,3451,2018-01-04
Kaia Jacobson,Laneyfort,4240,2017-07-06
Tomasa Herman,South Rogers,8859,2017-08-25
Constance Price,Gianniland,1045,2017-09-19
Everett Baumbach,Generaltown,8843,2017-08-21
Lillie Pacocha,Wuckertfort,6548,2018-02-07
Germaine Ritchie,East Ed,3911,2017-04-12
Tyra Johns,Port Elwinhaven,3194,2017-10-03
Guy O'Conner,Port Retafurt,6320,2017-12-06
Dr. Willis Tromp,New Khalidfurt,7428,2017-11-03
Kassandra Strosin,North Luisville,392,2018-01-29
Sabina White,Lauriefort,5681,2017-07-21
Lowell Schinner,Runolfsdottirburgh,3191,2017-05-06
Dangelo Durgan,Riceside,2008,2017-09-18
Miss Hope Macejkovic,East Richardshire,9006,2017-03-20
Mrs. Craig Buckridge,East Santino,1401,2017-05-05
Michael Schiller,Whitechester,3426,2017-07-08
Norwood King DDS,Medhurstburgh,5050,2018-02-22
Mrs. Darron Rosenbaum,Cormierview,1169,2018-01-25
Carole Rowe,South Efrain,1713,2017-09-14
Pinkie Harber,Kundeborough,9405,2017-10-07
Mable Runte,Rauborough,7853,2017-10-16
Bridget Cormier,North Helmer,5349,2017-06-15
Esperanza Kunze,Port Wilton,2724,2017-08-23
Merle Homenick,Emmerichmouth,8565,2017-04-11
Christiana West,New Conner,4377,2018-02-28
Cecile Little Sr.,Kleinview,3154,2018-01-18
Heidi Bechtelar,Hansenberg,8474,2017-09-29
Christiana Wyman,West David,9308,2017-04-24
Virginia Hilll,Abbigailfort,475,2018-01-04
Loyce Batz,Bonitamouth,3434,2017-11-26
Miss Lowell Ondricka,North Jameson,2845,2017-05-09
Susie Sporer,Dallaschester,2444,2017-05-20
Mr. Elaina Yost,Hagenesside,9829,2017-04-10
Jennings Moore,South Anahibury,8936,2017-05-25
Laurie Torp,South Arnotown,1023,2017-10-10
Harry Kunde,Lake Baronmouth,7521,2017-07-11
Ms. Calista Fay,East Terry,2210,2017-04-06
Mr. Marlon Shields,South Tristonmouth,6515,2017-09-03
Assunta Mertz Jr.,Lindgrenside,6237,2017-04-22
Ms. Rosina Hartmann,Faheyland,8377,2017-11-04
Alanna Dicki,South Clint,1476,2017-10-20
Selina Johnson,North Margarettehaven,3408,2017-04-28
Hilario Smith,Jonmouth,1560,2017-10-21
Laura Wiegand,Veldafurt,4815,2017-12-02
Sheldon Waters,Haileeside,7756,2018-01-01
Burley Friesen,Rogahnberg,454,2017-09-09
Jeffry Bernier,North Junius,498,2017-04-30
Miss Tressa Ratke,Maggioville,8465,2018-02-22
Dr. Ellsworth Daugherty,East Shanon,5694,2017-11-28
Jackie Hane,Lake Damianchester,6258,2017-05-03
Serena Tremblay DDS,Port Itzel,9468,2017-04-12
Eduardo Morar,North Piperburgh,7968,2017-12-10
Kayden Sporer,Port Jessychester,4329,2017-09-23
Citlalli Halvorson,Port Consuelo,8539,2017-07-24
Nigel Blick,New Josiah,3583,2017-06-03
Hettie Little MD,Maggiochester,7058,2018-02-12
Arthur Turner,East Abagail,4476,2017-12-08
Deontae Lebsack,Ritchieland,2494,2017-07-13
Greg Waelchi V,Annefort,9920,2017-09-13
Emmitt Batz,East Jaspershire,5299,2017-03-23
Ulises Bins III,Townefurt,7157,2017-10-27
Jaylin O'Conner,Maggiochester,4008,2017-03-19
Margarita Wuckert,Dudleymouth,6153,2018-02-20
Mrs. Halle Hickle,Romagueraburgh,5444,2017-12-02
Thalia Huel,Nelsport,5839,2017-12-06
Price Gleichner,Port Renebury,8760,2018-02-15
Rhianna Walker,Jewellland,5719,2017-10-18
Hazle Wisoky,Powlowskihaven,9070,2017-09-08
Mr. Jason Brown,Schuppefort,121,2018-02-28
Annette Grimes DVM,Noemyfort,2278,2017-04-11
Thora Mosciski,Fadelburgh,7385,2017-07-04
Julia Reilly III,Lizzieborough,1584,2017-09-02
Mollie Pollich Jr.,North Sigmund,4267,2017-07-23
Geoffrey Schaden,South Reagan,4350,2017-05-30
Olin Kuhlman,Lake Chrisstad,9820,2017-05-04
Jeanne Weber,Lake Presley,2465,2018-02-27
Dorthy Kshlerin,Port Zachary,8979,2018-01-06
Garnett Bernhard,Port Steve,99,2018-02-04
Luisa Bauch,Shermanborough,9727,2017-04-21
Brayan Schoen,East Pinkie,4863,2018-01-20
Verdie Metz,Eleazarstad,6715,2017-11-11
Mr. Jazlyn Strosin,Port Amayahaven,3689,2017-07-15
Cynthia Gorczany,Koeppton,7489,2017-09-03
Mr. Tyshawn Stamm,Port Florencemouth,8498,2017-04-07
Georgette Jaskolski,Dasiaborough,207,2017-06-06
Judge Quitzon II,Rennerland,8016,2017-10-26
Mellie Larson Sr.,Port Queenburgh,658,2017-10-20
Elnora Douglas Jr.,Rueckertown,6584,2017-07-08
Rashad Bruen,Nilsville,1399,2017-12-28
Nikko Macejkovic,South Daronburgh,5048,2017-08-08
Mr. Dawson Smitham,Streichville,2908,2018-03-03
Jordan Wuckert,North Alexandreaton,1730,2018-02-25
Dorcas Lowe,Port Julianneport,7873,2018-02-05
Gretchen Hamill,Alexzandermouth,5469,2017-11-09
Mrs. Savanna Homenick,Karliemouth,6655,2017-08-03
Devan Bashirian,Lenorehaven,7685,2017-10-09
Marlene Cole,Quigleychester,7191,2017-03-25
Thaddeus Friesen,Reillyshire,6366,2017-06-22
Liam Carroll,Mertzland,651,2017-10-03
Haley Erdman,Domingochester,3810,2018-01-04
Mr. Braxton Kris,West Adaline,6917,2017-08-06
Kian Grimes,Kunzetown,4707,2017-05-23
Raul Renner II,Rowanstad,1099,2017-10-25
Mara Tremblay Jr.,South Felicitamouth,4812,2017-06-28
Denis Jerde,South Icie,4275,2017-07-09
Christina McLaughlin PhD,South Ines,404,2017-08-25
Bartholome Haley,Emmieside,341,2017-08-29
Dolly Nitzsche,Stanton,3995,2018-02-20
Robbie Vandervort,East Jeramy,1362,2017-04-04
Mr. Maudie Kris,New Maverick,5279,2017-10-04
Nelle Cole,North Robbie,6648,2018-01-27
Ayla Shanahan,Hicklemouth,3105,2017-09-06
Ali Russel,Dickensstad,9431,2017-10-05
Alene Kovacek,Nicolasburgh,9978,2018-01-18
Miss Bonita Schinner,North Ettie,5219,2017-05-29
Waino Bruen Jr.,Caitlynborough,7179,2017-08-10
Julian Breitenberg,South Vidalfurt,4133,2017-12-03
Mrs. Daren Terry,East Kathryne,9625,2017-12-06
Dedric Marvin,Abshiremouth,8247,2017-06-22
Darren Hansen PhD,Lake Kathleenborough,8556,2017-07-21
Elfrieda Crist,North Roberto,6407,2017-12-23
Monte Kovacek,North Eudora,7627,2018-02-28
Jeromy Cassin II,Ottoshire,8655,2018-01-01
Leif Padberg,Wolfbury,4342,2017-06-05
Maximilian Dooley,Danikabury,735,2017-04-15
Yesenia Quitzon II,Haleyside,5634,2017-09-05
Jacquelyn Kilback,East Reyna,4535,2017-04-15
Deontae Gulgowski,New Quintonland,5091,2018-02-18
Elnora Schroeder,North Marisol,946,2017-05-18
Jordyn Breitenberg,Ernestoport,3524,2017-05-02
Ivy Herman,Towneberg,8712,2017-08-25
Mrs. Dedrick Zboncak,New Alannaton,7116,2017-07-20
Mrs. Alfredo Kertzmann,Ethanville,9391,2017-06-25
Winnifred Frami,Verdaland,5089,2017-08-18
Amely Jacobs,New Julie,5350,2018-02-12
Boris Hessel,New Caleb,4156,2018-02-04
Tre Raynor,Port Julienland,6897,2018-03-03
Sibyl Bins,New Montefurt,7150,2017-07-24
Kaden Dickinson,East Rosendoborough,5456,2018-01-20
Antwan Bechtelar II,East Kaleighchester,6501,2017-05-30
Rudy Pfeffer,Gretaland,881,2017-10-15
Isabell Schimmel DVM,North Kathrynfurt,8925,2017-05-12
Karianne Spinka,Erikborough,7452,2017-07-17
Dr. Raul Skiles,New Emieton,9750,2017-05-03
Arvilla Stokes,Sandyview,357,2017-08-07
Jermain Kertzmann,West Florine,912,2017-04-05
Damon White,Murazikside,5210,2017-04-20
Kamryn Quigley,Lake Johnnyfurt,3419,2017-12-29
Raphael Fadel,South Wilber,7023,2017-05-20
Mrs. Ethyl Predovic,West Ezequielfort,4690,2017-03-28
Velva Keeling,East Pearlineview,1524,2017-06-05
Eloisa Runolfsson,Bartolettiville,3568,2017-10-04
Johan Kihn,Yasminemouth,430,2017-11-18
Dahlia Davis,Shemarside,302,2017-03-29
Koby Strosin DVM,North Loisburgh,6521,2017-03-31
Tre Hessel Jr.,New Chrischester,3100,2017-04-13
Abigail Beer,South Jaylonville,8627,2017-06-13
Dr. Crystal Connelly,Port Yadira,1785,2017-06-26
Baby Willms,Jakobshire,7109,2017-08-17
Cloyd Kris,North Ora,5225,2017-06-12
Ms. Quinn Hilpert,Josephineborough,6329,2018-02-03
Rodrick Walsh,Murazikshire,7778,2017-12-27
Janis Maggio IV,New Lavern,1254,2017-09-04
Devonte Kautzer Sr.,Kleinshire,8162,2017-10-11
Belle Bernier,East Abner,4832,2018-02-12
Judd Kris,Bertrambury,719,2017-08-01
Candace Feeney,West Johann,3782,2017-09-01
Mr. Nia Haag,East Vaughnborough,8910,2017-12-22
Jeffery Cummerata,North Laureltown,8028,2017-06-10
Ms. Turner Conn,New Alexis,4777,2017-04-11
Odessa Wuckert Sr.,East Kaceyside,9509,2017-11-06
Georgiana Zemlak,New Dayne,8565,2018-03-04
Dayana Berge,Lacyberg,1292,2017-04-14
Parker Stracke,Mannfort,4170,2017-08-22
Alivia Maggio,Lake Louvenia,9268,2018-01-29
Mr. Elinor Langworth,South Sabinafort,8218,2018-03-12
Pablo Hintz,Genevievefurt,9261,2017-03-22
Tod Bechtelar Sr.,North Jayceview,8129,2018-03-03
Gus Metz,Jenkinsside,6569,2017-10-18
Dallas Erdman DDS,Trinityhaven,482,2017-07-10
Lloyd Nikolaus,Lefflermouth,4511,2017-12-30
Dr. Lizeth Emmerich,Crooksview,4849,2018-03-09
Kaci Ondricka,Angelaton,6356,2017-03-27
Antonetta Cole,Selinaview,7564,2017-09-08
Amya Kozey,South Princess,6835,2017-11-29
Mazie Morar,New Percivalville,7418,2017-07-06
Shana Anderson,Port Brittanymouth,9349,2017-05-05
Miss Dock Lang,East Lavern,6782,2017-07-11
Shakira Kuvalis,Port Nyah,2735,2017-03-16
Araceli Waters,Providencihaven,8294,2018-02-06
Miss Paxton Runolfsdottir,Enoschester,2625,2017-09-04
Arno Bauch DVM,Leannamouth,6032,2018-02-13
Andreanne Schoen,Lake Sonyamouth,1224,2017-09-18
Mariano Boyle,Kulasmouth,2176,2018-03-05
Desiree Kris,West Normaport,6309,2017-06-15
Amani Davis,Wildermanshire,7896,2017-11-21
Maud Denesik,West Priceport,3385,2017-07-31
Kassandra West,North Scot,4011,2018-01-20
Miss Carmelo D'Amore,South Christa,872,2017-10-30
Roxanne Monahan Jr.,Kieranside,5072,2017-09-27
Janae Pfannerstill,Estrellaport,9075,2017-08-04
Vena Weimann,Lake Ludie,9779,2017-08-07
Miss Esperanza Olson,Harveymouth,5874,2017-07-03
Sasha Goyette,Chadfort,6351,2017-10-30
Dr. Dax Hahn,Zaneside,4975,2018-01-14
Jackie Yundt Jr.,Sengermouth,6335,2017-09-18
Reyes Pfannerstill DDS,Webermouth,3174,2017-06-27
Mrs. Raleigh Simonis,South Dejahberg,5697,2018-02-10
Gabe Strosin DDS,Andrewville,2857,2017-05-21
Zula Runte,Terryport,6971,2017-03-23
Rashawn Denesik,Lake Cornelius,7881,2017-06-29
Ella Ryan,South Domingobury,5637,2017-10-21
Devin Fisher,Rueckerfurt,3333,2017-10-17
Geraldine Willms,Port Marianna,2200,2017-11-28
Joseph Fahey,Javontestad,1058,2017-10-01
Jaeden Kiehn,Wilkinsonport,6251,2017-07-16
Abdul Sauer,Kozeyshire,2654,2018-02-27
Myrtice Green III,Wernerstad,4860,2017-06-02
Mr. Kariane Treutel,Susanshire,8450,2018-03-14
Miss Darren Kreiger,West Halleport,1893,2017-07-07
Lavonne Tremblay,Krisfort,8770,2018-02-04
D'angelo Cummerata PhD,North Kennethshire,564,2018-02-04
Kale Koelpin,Ryderville,2566,2017-09-05
Jed Jast,East Raheem,217,2017-11-19
Annabel Hauck MD,Beierview,1510,2017-06-17
Avis Bergstrom Sr.,West Bellberg,7893,2017-03-31
Woodrow Berge,Amieland,1017,2018-02-18
Verner Ondricka,North Roderick,6891,2018-02-26
Lorena Doyle,Meggiefort,7393,2017-04-10
Alena Dach,West Rowena,5683,2017-08-08
Brenna Moen,North Adriana,3706,2018-01-28
Ozella Ritchie,Goldaside,8950,2018-02-01
Juana Schowalter,West Kianna,3447,2018-02-13
Miss Conner Schinner,Lake Rene,4181,2017-09-06
Alana Ankunding Jr.,New Kamryn,7692,2017-10-19
Baby Stoltenberg,Nashport,2639,2018-01-27
Miss Enrico Zulauf,Jordonbury,4939,2017-04-19
Maddison Fay,Patrickland,5145,2017-06-22
Benton Dach,West Candidastad,7363,2017-11-14
Manuela Rosenbaum,Lake Tomland,7747,2017-06-03
Malachi Mohr,Bergstrombury,7635,2018-01-18
Dusty Sawayn,Riceton,3804,2017-06-23
Pierce Kshlerin,Mackenzieborough,7916,2017-07-29
August Streich,Jedchester,7596,2018-01-22
Magdalena Steuber,New Sydni,9119,2017-11-02
Cathryn Hermiston,Bashirianton,7629,2018-01-30
Ms. Kaylah Aufderhar,Flavieview,3790,2017-11-14
Dr. Jessy Lemke,Jaidenburgh,9148,2018-03-15
Angelita Price,New Holden,9297,2017-11-27
Miss Lisandro O'Keefe,South Terence,3571,2017-06-21
Brando Corkery,Lacyville,2507,2017-12-14
Lonnie Lesch,Lake Bryceside,6891,2018-01-17
Miss Beau Mosciski,South Darrickchester,4231,2017-06-04
Zaria Hilpert,Maggioberg,5263,2017-04-02
Gilbert Bailey,North Juniusfurt,6807,2017-04-01
Meagan Olson,Daisytown,4842,2017-04-01
Cleveland Barton,Madgeburgh,3354,2017-06-18
Katharina Miller,East Daishafurt,1588,2017-06-20
Terrell Beer,Schulistview,5984,2017-04-03
Jeramy Breitenberg,North Macy,3366,2017-04-25
Frederique Padberg,Padbergview,2844,2017-10-10
Santino Torphy II,Sengerside,5481,2017-07-16
Mrs. Dean Pouros,Lake Judge,9646,2017-03-22
Saul Beer,Rohanport,1684,2018-02-05
Ms. Jayne Hayes,Steuberfort,1650,2017-12-16
Seth Hartmann,East Lela,2026,2018-03-03
Celine Hegmann,Torphyside,2105,2017-10-12
Felipa Rippin,Port Kenya,563,2017-03-20
Reid Lubowitz,Nolanport,6512,2017-06-01
Loyal Trantow,South Leviberg,7871,2018-02-15
Miss Daija Ritchie,Kylamouth,8850,2017-06-20
Miss Clint Stoltenberg,North Ramona,7426,2017-09-13
Derrick Dickinson,Lake Jovany,7535,2017-10-29
Tracey Champlin,Yundtfurt,6542,2017-08-16
Ozzie Hettinger V,Collinsport,3291,2017-06-10
Mr. Paris Barton,South Ford,6826,2018-02-01
Blaze Kuhlman,East Clara,6460,2017-05-01
Alexandro Adams,Bartonfurt,1688,2017-07-19
Cale Connelly,East Damion,6458,2018-03-05
Mae Powlowski V,South Charlie,9330,2017-09-20
Monserrate Koch,Griffintown,9174,2017-04-09
Ellen Brown,Terranceland,5459,2017-07-16
Christopher Schimmel II,New Emil,3762,2017-05-04
Marisa Schinner,Lake Myles,2584,2018-01-29
Mac Johnston,West Mateo,8448,2017-05-30
Danielle Langosh,South Cary,9026,2017-08-07
Mr. Geo Hudson,New Natashaburgh,4135,2017-07-16
Angelica Schuppe,Blockbury,4139,2017-12-18
Demarco Barrows,Violetland,2221,2017-07-18
Angelita Gerhold IV,West Chadport,3535,2017-09-11
Tod Skiles,North Bradyburgh,9310,2017-09-26
Miss Monty Goodwin,Gussieside,8348,2017-10-30
Lora Hartmann,West Golda,290,2017-07-30
Georgiana Tremblay DDS,East Thelma,100,2017-10-30
Mr. Griffin Dickinson,New Joanchester,7330,2017-07-21
Javonte Blick,North Larryside,4240,2018-01-19
Hillary Parisian,East Earnestfurt,2565,2018-02-06
Adolph Zemlak,Maxineland,4276,2017-10-27
Della Lemke,Elijahfurt,995,2018-02-26
Lila Stracke,Carissaton,5323,2017-08-22
Nicolas Rath IV,New Henrishire,8124,2017-12-29
Kurtis O'Kon,Doyleborough,1620,2018-01-17
Casandra Keebler,New Jaceton,4630,2017-11-05
Dayana Zulauf DDS,Kemmerfurt,3180,2017-04-07
Gerardo Gutkowski MD,South Norbert,5373,2018-01-06
Tara Schiller,South Elzaberg,9195,2017-09-11
Fermin Senger,Weissnatshire,7403,2017-05-03
Doyle Brakus,North Laney,4954,2017-08-26
Garry Aufderhar,Retaview,2497,2017-12-19
Joel Grant Jr.,West Monserrate,5172,2017-08-12
Cathryn Harris IV,Kristinberg,1261,2017-08-21
Antwan Hermiston,Mikaylafurt,5613,2017-11-05
Pascale Rutherford DVM,South Chazhaven,2348,2017-05-21
Jada Ward,South Granville,5476,2017-09-14
Adelia Runte,Rowenafort,8768,2017-03-28
Garret Roberts,North Marianne,6712,2017-03-21
Rickie Schamberger MD,Port Hollis,3794,2017-12-29
Dr. Marquis O'Connell,Lennafurt,9186,2018-03-09
Jonathan Bechtelar,New Lottie,762,2018-01-27
Newell Okuneva,East Kadetown,1505,2017-06-19
Christian Hudson,Lake Wendellborough,5238,2017-12-23
Mackenzie Schumm,Abernathymouth,9547,2017-12-08
Kaitlin Sporer,Lake Antonette,2968,2017-10-10
Burdette Streich,South Bertrandburgh,3841,2018-01-27
Omer Renner,Cletusmouth,9708,2017-12-20
Jerrell Mohr,Crystelshire,1758,2017-07-30
Izabella Keebler,Randallmouth,1559,2017-10-31
Althea Lubowitz IV,Prosaccochester,1576,2017-11-02
Jameson O'Kon,South Fabiola,6393,2017-10-23
Marquise Ullrich,Rueckerview,6007,2017-12-19
Samanta Gorczany,North Kirkfurt,6197,2017-12-23
Zaria Bruen,Lake Elton,504,2018-03-16
Aniya Erdman,Hudsonhaven,5650,2018-01-04
Miss Roma Wolff,North Adaburgh,2409,2017-05-28
Mariah Luettgen DDS,Tobyberg,4464,2017-04-10
Dr. Mathew Wisozk,West Sedrick,6623,2018-01-06
Jamarcus Gaylord III,O'Connellberg,9402,2017-09-02
Watson Mueller,Jedediahhaven,3412,2017-12-14
Ms. Amina Adams,Percyland,4614,2017-09-17
Ilene Pfeffer,New Jane,6965,2017-08-26
Alysson MacGyver V,Frederickmouth,3911,2017-07-10
Helen Flatley,Blandaview,2790,2018-01-19
Laverne Bartell PhD,Hertaville,8564,2017-07-18
Monserrate Koepp,Andersonview,9861,2017-10-14
Alvina Mraz,West Deronmouth,2405,2017-09-17
Una Cormier,Brantberg,4384,2018-01-06
Mrs. Merle Daugherty,Ebertfort,3364,2017-09-06
Earlene Metz,New Brannonhaven,4934,2017-12-02
Elmo Halvorson,Julianstad,3488,2018-02-17
Wilhelmine Schumm,Schillermouth,6123,2017-08-26
Madaline Cremin MD,West Reedburgh,8440,2017-08-12
Austin Schneider,East Enricomouth,8752,2017-12-31
Earline Price,East Jessyborough,7879,2017-12-04
Jenifer Rempel,Marisaborough,8338,2017-11-05
Hulda Upton,Randalborough,5804,2017-08-03
Brandon Prosacco,Beattytown,7762,2017-09-11
Amparo Volkman,Maximusstad,8964,2018-02-12
Miss Urban King,Kareemport,1342,2017-12-30
Lucie Bartoletti I,East Armandton,9786,2017-07-18
Abdiel Rolfson,North Gregory,1735,2017-08-27
Doris Kemmer,Swaniawskitown,5255,2018-01-03
Antonette Bailey,New Jonasville,9743,2017-07-16
Rocio Goyette V,Colefurt,6122,2017-04-02
Maximo Reichel,Ignatiusbury,3995,2017-11-11
Cooper Muller Sr.,Nolanville,4481,2017-05-17
Fredrick Padberg,West Shannyport,8312,2017-09-22
Cassandre Goldner,Nehaview,3706,2017-12-25
Blaise Swaniawski V,South Margaretechester,1901,2017-10-07
Eldred Walker Sr.,Greenshire,3695,2017-11-23
Jakayla Moore,Lake Orvaltown,8836,2018-02-27
Eden King I,Murrayland,7177,2017-08-22
Jay Rodriguez,Kerluketon,9727,2017-04-30
Orlo Hamill,Danielland,2771,2017-09-29
Ila Windler IV,East Ethelyn,3014,2017-12-07
Israel Haag MD,New Orieville,1646,2018-01-29
Amina Welch,Lake Elmirashire,3243,2017-12-27
Sally MacGyver,Murazikshire,3244,2017-12-31
Miss Mattie Buckridge,Lake Murphy,2978,2017-03-17
Oswaldo Effertz,Earleneside,1404,2017-08-29
Derek Leffler,Nikkotown,6639,2017-10-27
Joana Johnson,North Amayastad,8491,2018-01-17
Waylon Runolfsson MD,Lake Myrtice,2683,2017-05-30
Tatyana Skiles DVM,Beattyhaven,43,2018-01-08
Brandon Sawayn,Ashleyburgh,2599,2017-05-11
Frank Morissette,South Preston,6014,2017-12-15
Terrence Wilderman,Port Terrancechester,2191,2017-12-17
Haven Grady,North Mitchel,8970,2017-07-31
Enoch Schimmel,Marcelleport,1389,2017-10-13
Alta Walsh,South Nathanialport,2752,2017-06-05
Miss Corbin Ruecker,Turcottemouth,9663,2018-01-26
Yvette Kulas MD,Simonischester,9598,2017-09-08
Jaden Goldner,Westleyshire,7322,2017-03-26
Oma Schoen Jr.,Libbieton,4511,2018-02-27
Mathias Pollich,South Gloriaton,7035,2018-01-20
Isaias Kihn,Solonview,9370,2017-07-18
Cara Raynor,South Kariane,8014,2017-11-01
Ms. Jerald Little,Lake Denistown,6969,2017-12-18
Elenora Mitchell,New Aliciachester,9915,2018-01-02
Emerson Hoeger PhD,New Lorenzofort,2511,2017-06-19
Matilde Runolfsson,West Chetside,446,2018-01-15
Dr. Ivory Effertz,VonRuedenburgh,4033,2017-06-28
Katelynn Morar,Stantonstad,2793,2017-03-27
Arielle Gerlach,East Elza,6757,2017-10-16
Ms. Graciela Blick,Alecland,8079,2017-03-18
Hipolito Simonis Jr.,South George,6755,2017-08-24
Ron Yundt,Port Georgiana,8816,2017-08-24
Beulah Schuster,South Christopview,6165,2017-06-03
Mr. Nathaniel Kemmer,Daughertyburgh,6076,2017-06-09
Dr. Erica Langworth,North Susan,2133,2017-06-08
Wilber Trantow,South Evans,8409,2017-09-08
Vincent Corwin,Hilpertfurt,1539,2017-04-02
Miss Omer Beier,South Nia,932,2017-12-22
Estrella Considine,Port Domenica,8180,2017-09-13
Wanda Thompson,Stokestown,4629,2018-01-23
Miss Katherine Gerlach,Hoegerburgh,9356,2017-06-27
Chelsie Fay,North Linamouth,8626,2017-09-03
Elody Marvin,Madelynburgh,8712,2017-03-20
Jude Satterfield,West Renee,1947,2017-10-31
Martine Rodriguez,Littleview,3610,2017-06-17
Mr. Robin Kshlerin,Stiedemannton,2660,2017-05-31
Maegan King,West Emelie,3321,2017-12-03
Sim Kiehn,New Beaulahtown,4155,2018-02-17
Kenya Lesch,West Jessie,5684,2017-07-22
Makayla Runolfsson,Port Jarredside,5892,2017-07-09
Hertha Goodwin DDS,Haleighland,8034,2017-06-15
Miss Afton Quigley,Roweland,7259,2017-12-13
Josefa Hayes,Borerville,1625,2018-03-02
Maymie Pfannerstill,Port Viola,7891,2017-08-07
Jessica Bechtelar,New Gwenchester,7633,2017-07-09
Destiny Bernier II,Gleichnerbury,6589,2017-07-30
Clarissa Senger,Jayceeport,7664,2017-07-17
Alta Mante,Hegmanntown,5309,2017-04-23
Miss Yasmin Dooley,Lake Lulaport,8489,2017-04-25
Ms. Sibyl Kozey,South Brookeport,3188,2017-05-17
Malcolm Dickens,East Mayeshire,9410,2018-02-15
Macie Nicolas,Lueilwitzburgh,5304,2017-11-20
Reid Doyle,Aminaview,5487,2017-08-24
Brian Champlin,Prohaskaland,5986,2017-08-16
Lempi Towne,Schmidthaven,912,2017-04-09
Sunny Dooley,East Aliyatown,4423,2017-10-29
Gabrielle Wilderman,New Myrtis,1598,2017-08-21
Beth Sipes III,West Cathyfurt,6242,2017-10-30
Alanna Wintheiser,Hettingerland,5722,2017-12-23
Miss Loy Hackett,Kellenton,2036,2017-06-29
Ramon Russel,Port Doyle,9897,2018-03-14
Jazmyn Koepp MD,Port Lonzo,7538,2017-03-17
Lessie Dibbert,Port Maryjane,193,2017-10-01
Myriam Hansen,Smithchester,9357,2017-12-14
Elmer Douglas,McLaughlinhaven,6490,2018-01-21
Dusty Williamson MD,Taraland,8397,2017-06-07
Morgan O'Hara,Sanfordview,5528,2017-10-08
Miss Bryana Reichert,Winfieldshire,9527,2017-06-25
Nina Rutherford,Schambergerbury,5291,2017-05-19
Clarabelle Frami,West Darrionport,4334,2017-09-17
Mason Huel,Kihnchester,8695,2017-12-03
Alvina Hoppe,Millstown,9437,2018-03-02
Christy Feest,South Kenton,4240,2017-07-27
Efren Daniel,North Leonelport,5388,2017-08-12
Myles Roberts,New Chloe,3192,2018-03-04
Chasity Conn PhD,Pollichville,7375,2017-09-25
Letitia Moore,Lake Jettie,8697,2017-11-27
Shirley Donnelly,Pourosfort,5830,2017-09-03
Isai Sauer,Cormiermouth,7276,2017-06-22
Brennan Willms,Chelsietown,3603,2017-11-17
Dr. Savanah Wiza,North Conner,3426,2017-09-13
Seth Gulgowski Jr.,Baumbachport,104,2017-09-24
Adeline Hansen,Hyattport,8777,2018-03-05
Conor Legros,Nigelbury,7220,2017-09-14
Cordelia Lueilwitz,West Mireillechester,4906,2017-07-18
Raina Leffler,Schneidermouth,483,2018-02-22
Adan Stehr,Keshawnmouth,2799,2017-08-18
Stevie Hettinger,New Laney,8782,2017-11-13
Kay Ziemann,Pfefferbury,1595,2017-07-10
Sven Russel,West Andres,6225,2017-10-31
Alisha Boehm,Lake Jalenchester,1503,2017-10-26
Bulah Turner,West Veda,8323,2017-08-07
Carolyne Keeling II,Millsport,8940,2017-05-01
Mrs. Marlee Reilly,New Tyreek,2992,2017-11-06
Emile Hartmann,Kayleystad,9230,2017-10-18
Brice Douglas,Greenholtborough,5949,2017-04-04
Irwin Crist,West Deeport,9627,2017-11-05
Sydney Wintheiser,Kingland,8434,2017-06-01
Antonina Nicolas,Whiteburgh,8190,2017-09-29
Mohammad Walker,Labadiemouth,6358,2018-01-03
Patricia Roob,Veumport,1923,2017-06-29
Wyman Marvin,Lake Elseborough,3211,2017-09-14
Alanna Keeling,East Ricky,5414,2018-02-18
Elinor Prosacco,Denesikfort,6482,2017-11-26
Dashawn Keebler,South Destinee,656,2017-03-27
Mr. Jadon Ortiz,Camrynstad,2222,2017-08-17
Kevon Beier,North Domenick,9296,2017-05-05
Dr. Cristal Keebler,Lake Cortez,6355,2017-10-08
Rosalind Swift,Jaylanstad,741,2018-02-04
Miss Hortense Waters,Runolfsdottirstad,6410,2017-07-17
Krystal Will,New Johnpaul,880,2017-07-27
Robbie Bruen,Schaefermouth,2970,2018-02-05
Gonzalo Kassulke,Jovannyshire,6132,2017-05-11
Dr. Jakob Will,South Elta,579,2018-01-03
Mrs. Edwardo Wolff,Kellystad,8296,2017-10-01
Alba Larkin,North Juliana,775,2017-07-11
Mrs. Litzy McKenzie,North Doviemouth,8101,2017-10-13
Ariel Stark,West Lorenzo,9035,2017-10-09
Ms. Cayla Cole,Stehrfort,561,2018-01-21
Freddy Brakus,Shyannshire,1256,2017-12-09
Sydnee Herzog,Port Darion,9756,2017-12-17
Furman Schmeler,Schmittport,703,2017-12-27
Carolyne Dickens,Rippinview,4512,2017-09-28
Josianne Jakubowski,New Arvillafurt,5395,2018-01-08
Miss Astrid Harvey,New Grace,5619,2018-03-07
Miss Bridget Grant,South Agustina,7126,2018-01-24
Colby Renner,East Darryl,5824,2017-03-24
Ms. Hilda Ebert,Velmaland,1462,2017-11-14
Rhoda Sawayn,West Jaylon,2295,2017-04-13
Alaina Hintz III,East Charlesmouth,398,2017-05-12
Emile Medhurst,Marianaport,8734,2017-05-23
Maureen Mayert,South Harmonyfort,365,2017-04-16
Godfrey Morar V,New Torranceborough,4134,2017-04-20
Ms. Victor Langosh,Lake Kiphaven,188,2017-07-22
Dr. Maxime Pouros,South Delaneystad,4471,2017-08-16
Trenton Waelchi,Rosenbaummouth,986,2017-11-23
Dillan Monahan,Trantowside,9406,2017-04-21
Mrs. Hailee Cruickshank,Port Taliashire,7706,2017-11-06
Angela Corkery,Torreyshire,2305,2017-06-30
Polly Prohaska,Daughertyville,3251,2017-03-28
Vincenzo Barrows,Framiville,7878,2017-09-23
Dana Flatley,New Angelina,637,2017-08-05
Willie Hayes,Enochfort,4370,2017-04-18
Louie Bode,East Ellismouth,485,2017-08-05
Ms. Sabrina Carroll,East Aiyana,184,2018-01-12
Mrs. Loyal Johnston,Port Christopside,757,2017-11-06
Casimir Casper,South Ulices,7718,2017-07-13
Deondre Kemmer,East Allene,4645,2017-11-02
Ally Tillman,Schusterfort,2183,2017-04-03
Urban Kuhic,New Pearlie,9453,2017-07-01
Sally Armstrong,Borisland,4509,2018-02-09
Kavon D'Amore,Boganstad,6843,2018-02-01
Lydia Collier,Purdymouth,8660,2017-12-15
Lilian Kub,Hermanfurt,5034,2018-02-12
Archibald Wisozk,Port Georgiannaport,3359,2017-11-08
Alvina Swift,Lake Shaniyaport,7435,2017-12-15
Alysa Hayes,Sigurdtown,4149,2017-06-24
Trent Wolf MD,Lake Isac,7683,2017-03-25
Misty Hahn,Stoltenbergport,980,2017-08-24
Melody Littel,Kaydenmouth,6645,2017-06-04
America Hartmann,Salmaville,2138,2017-11-08
Theron Russel III,East Kaitlyn,4774,2017-06-26
Kathryn Walker,Ritchiemouth,671,2017-05-21
Malachi Luettgen,Langoshchester,134,2017-03-26
Claude Vandervort,East Odellshire,994,2017-12-16
Mrs. Hailee Jakubowski,Kadeport,1365,2017-11-05
Dr. Alexzander Williamson,South Elva,5818,2017-10-14
Winifred Steuber,Kristopherland,4378,2017-03-21
Arielle Mann,Ziemehaven,1649,2017-06-12
Sanford Wolf,Eliezerview,2672,2017-07-08
Ms. Jonatan Schoen,Jorgemouth,7399,2018-02-26
Margaret Stroman,Brooksport,2375,2018-02-17
Craig Kilback,East Noelia,3967,2017-10-21
Heather White III,North Garret,4761,2017-06-11
Tatyana Berge,East Jamaal,5106,2018-01-29
Asia Stark,Jacobiside,3103,2017-04-25
Deontae Heller,Thielmouth,9584,2018-03-11
Garrick Simonis DVM,North Yvette,3338,2017-10-16
Mr. Crystal Miller,New Carolhaven,6088,2017-07-30
Julio Upton,Lake Merlberg,5361,2017-10-16
Mona Schroeder,Lake Lonbury,3945,2017-12-12
Maxie Corkery,Rosettaburgh,949,2017-05-17
Mr. Johan Doyle,North Juniormouth,3026,2017-10-20
Bailee Steuber,South Bufordview,721,2018-03-06
Ms. Margarita Tillman,North Annabelleburgh,209,2018-03-04
Sophie Bernhard,North Kiel,7623,2017-12-16
Johnson Daugherty,West Asiaside,5886,2017-10-05
Mathew VonRueden,North Shaynebury,2719,2017-11-02
Dr. Estell King,New Siennafurt,2031,2017-10-09
Ila Schuppe,South Aracelishire,1553,2017-12-22
Ellen Zemlak,North Macieberg,2131,2017-05-11
Blaze Beahan,Smithborough,3782,2017-11-05
Demario Hirthe,Teresahaven,2657,2017-07-26
Deonte Hessel,North Naomi,1049,2017-06-11
Isadore Stehr,Hickleshire,554,2017-05-22
Dedrick Abernathy,Christytown,4903,2017-12-10
Dr. Helen Rowe,Lake Walkerburgh,5652,2017-06-21
Yasmine Lehner,VonRuedenshire,3924,2017-11-17
Trudie Marvin,Evangelinebury,5895,2017-11-25
Hector Lowe,Gusikowskistad,7181,2017-09-29
Wilfrid Smitham V,South Nikolasfurt,1180,2017-09-12
Linnea Emmerich,Kriston,9289,2017-12-28
Bradly Lesch,Langfort,1594,2018-01-18
Rebekah Douglas,Linneahaven,5861,2017-07-27
Mateo Prohaska,Camilafurt,7647,2017-08-19
Elinore Auer,West Retta,8313,2017-10-03
Margarett Effertz,West Eugene,7733,2017-12-01
Darrell Connelly Sr.,Graceport,3317,2017-10-26
Miss Timmy Funk,Kendramouth,7407,2017-09-15
Edna Reynolds,Lake Jaydestad,8573,2017-05-05
Lexus Lynch II,West Sylvester,4069,2018-01-25
Verna Shanahan,Cartwrightport,3164,2017-07-09
Adrian Schneider Sr.,New Breana,6418,2017-11-26
Miss Anahi Murray,Lorenaville,2691,2017-04-24
Annie Halvorson Jr.,Hauckberg,3522,2017-06-07
Bette Donnelly,New Alaynaside,21,2017-04-01
Brock Sauer,Port Arnaldo,6185,2017-09-07
Harley O'Reilly,East Gwendolyn,7968,2018-02-09
Eli McGlynn,Lake Berneicetown,1470,2017-05-13
Mr. Jodie Kohler,East Isaimouth,4681,2017-12-30
Raina Kessler,Lake Mackenzieside,2647,2017-07-17
Dr. Dandre Graham,Gregoriaburgh,9565,2017-06-02
Mertie Kshlerin,East Angelita,4044,2017-07-24
Mrs. Maci Kutch,Lake Heidi,9992,2017-08-12
Agustin Robel,Port Nasirmouth,2765,2017-12-04
Carlos Ondricka,East Carolinefurt,8483,2017-08-20
Alyson Kris,Ernserburgh,9464,2017-12-31
Lucinda Fahey,Legrosbury,274,2017-04-03
Vito Thiel,South Coreneton,5733,2017-10-13
Dr. Alexis Jacobs,McCulloughchester,1854,2017-11-29
Aiden Koepp,New Ryleyfort,6566,2017-07-31
Mrs. Sydnie Kozey,Shaneltown,8878,2017-08-02
Frankie O'Kon,East Devinchester,2410,2017-12-05
Anita Donnelly,Jacobsonmouth,7661,2017-09-15
William Terry,Larryberg,988,2017-05-18
Jabari Glover,Boyleport,2454,2017-09-27
Elmira Harvey,Pearltown,5279,2017-12-23
Rosalyn Weber II,Kaiaberg,7205,2017-05-15
Valentin Schneider,West Abagail,4382,2017-11-13
Dr. Omer Mayer,Schinnershire,8917,2017-04-17
Palma Runolfsson,Reidton,5347,2017-04-04
Scotty Sawayn PhD,South Doris,7735,2018-03-10
Dell Johnson,Baileyshire,942,2018-01-09
Kirk Brakus,Lake Lucile,4786,2017-08-07
Camryn Bogan,Hueltown,6108,2017-04-10
Trudie Lang,New Jamalhaven,3275,2018-03-02
Esmeralda Runolfsson Sr.,Eulahmouth,9421,2017-06-09
Brenden Brown,Priceborough,591,2017-04-30
Karen Bauch,West Bernitamouth,5411,2017-04-10
Jessyca Hayes,Armstrongberg,8805,2017-03-29
Tevin Kshlerin I,Quigleyland,813,2017-07-14
Amely Vandervort I,Simonestad,5856,2017-04-05
Miss Grady Dare,Geovanyberg,709,2017-11-24
Elizabeth Sipes,Lake Dennisside,268,2017-05-30
Vernie Yundt,Moisesborough,3801,2018-02-22
Davion Emard,Lemkeview,1730,2017-10-07
Sylvia Lehner,Braunstad,1868,2017-11-05
Jerry Beahan,Wintheiserland,6546,2017-11-26
Ms. Walton Ryan,Harveyborough,8159,2017-04-21
Hillary Bernhard,Port Luraberg,7015,2017-07-21
Miss Angelita Hyatt,Markusmouth,2542,2018-02-23
Amaya Cormier,Caitlynmouth,2118,2017-04-21
Alyson Walker,Lake Shannonmouth,5779,2017-04-25
Kaden Dooley,East Ashleyfurt,8753,2017-07-30
Jillian Stehr,South Myrtis,9486,2018-01-20
Ms. Scottie Wisoky,Port Modesta,5322,2017-05-26
Miss Hunter Botsford,North Alexanderchester,9967,2017-05-16
Ally Heller V,West Phyllisbury,1229,2018-03-11
Austin Schmitt,Metzport,4229,2017-10-30
Raquel Hyatt MD,Darehaven,5424,2017-07-04
Bradly Rosenbaum,Lakinton,1909,2017-11-12
Lourdes Kuhlman,North Charityside,6415,2017-11-04
Carleton Hyatt,Kleinfurt,1916,2018-02-26
Fiona Haag,Gibsonmouth,5260,2017-11-20
Ova Cummings,Lake Ellen,4611,2018-01-25
Miss Allan Thompson,Farrellton,200,2018-02-24
Blanca Jerde,Port Rollinborough,5622,2018-01-13
Manley Turcotte,Lake Wymanmouth,5997,2017-10-31
Rosanna O'Keefe,Richietown,4580,2018-02-26
Deangelo Hodkiewicz,Niaport,2646,2017-04-23
Jermaine Kautzer,Rolfsonstad,6597,2017-04-23
Ashtyn Gleichner,New Jayceborough,2414,2018-02-18
Henri Considine III,Lucioland,6591,2017-12-10
Anita Rolfson,Tyreeburgh,4671,2018-01-08
Mrs. Janice Stroman,West Meaghanborough,2275,2018-02-08
Ms. Rocio Cremin,Port Payton,9533,2018-01-01
Albertha Swift,Steubermouth,6110,2017-05-08
Aida Ernser,Lake Robinton,8106,2017-12-11
Jimmy Jerde,Streichhaven,4988,2017-08-18
Xander Powlowski,Ritchieborough,8300,2017-08-15
Mrs. Cyril Armstrong,North Zoeshire,1283,2017-12-20
Edgardo Johnson,Manuelbury,4177,2017-12-28
Alejandra Rau III,Greenholtton,1323,2017-06-22
Ethelyn Grady,Bellville,4500,2017-08-12
Raven Hoeger,West Blaze,9020,2017-06-26
Esmeralda Nolan,Funktown,5724,2017-12-11
Margarette Beier,Bonnieshire,2406,2017-11-06
Emiliano Maggio,Port Itzelville,7570,2017-07-12
Mrs. Karson Oberbrunner,Port Jazmynborough,8934,2017-04-09
Tianna Haag,Irmaview,5049,2018-03-13
Quincy Zboncak,O'Connellbury,2232,2017-06-13
Sid Windler Jr.,East Tyresefort,621,2018-03-16
Bonnie Dare,Hilpertborough,7436,2017-04-04
Austyn Bayer,Idellatown,8266,2017-03-31
Jameson Kassulke,Toyfort,3420,2017-10-20
Hunter Homenick,Marianfurt,469,2018-01-04
Germaine Bergstrom,Loraport,2699,2017-06-26
Francisco Walsh,Lake Dorastad,3181,2018-01-31
Dr. Heather Fahey,Port Bennyshire,7698,2018-01-17
Marcella Hermann,Bayershire,4711,2017-06-21
Billie Littel,South Lucy,4262,2017-07-02
Ms. May Bogisich,Reichertbury,8941,2017-12-25
Cooper Jenkins,Lake Vitamouth,6521,2017-10-10
Payton Berge,Lake Braxtonberg,1268,2017-10-11
Imelda Strosin V,East Linda,8515,2018-02-03
Amanda Collier IV,Jerdemouth,2288,2017-09-11
Kallie Herman III,Lake Aliza,9739,2017-05-14
Enola Block,West Dorothea,6890,2017-10-06
Ivy Larson,Lyricbury,5152,2018-03-16
Dr. Marjorie Raynor,Port Trevion,1927,2018-01-24
Mrs. Jayde Bauch,North Jocelyn,2087,2018-01-16
Providenci McClure,Bogisichmouth,4363,2017-05-21
Kara Treutel,New Tess,5477,2017-03-26
Saul O'Hara,Miltonbury,869,2017-07-17
Miss Khalid Kertzmann,Parkershire,6884,2017-07-01
Ricardo Zemlak,Wisokyburgh,5783,2017-12-28
Zachariah Ferry,Port Susie,9560,2018-03-08
Euna Jaskolski Sr.,Myrlside,1575,2017-07-18
Amelie Bartoletti,West Taylor,5705,2017-07-29
Wanda Maggio,Rippinmouth,699,2017-08-15
Fernando Hahn,Davisborough,1915,2017-03-26
Cristal Marquardt DVM,North Dominiquetown,2186,2017-07-07
Dr. Roselyn Murphy,New Alisa,9711,2017-09-14
Mario Waters I,Lake Eunabury,5907,2018-03-07
Mr. Joannie Hintz,Cotyville,2957,2017-10-17
Sarah Yundt,Stantonchester,7418,2018-01-28
Houston Yost,Lake Gregory,3430,2017-11-14
Dion Smith,Stammside,1493,2017-07-02
Dannie Dooley,Erickaburgh,907,2017-12-14
Ms. Mike Gleason,North Betsyberg,2652,2017-06-16
Waldo Donnelly,North Fern,8523,2017-09-01
Keeley Zemlak,New Lizeth,6008,2017-04-01
Raul Beatty,Armstrongberg,5222,2017-06-21
Coleman Ruecker MD,Kingtown,9144,2017-09-02
Mr. Ara Haley,New Kamille,9947,2017-08-29
Missouri Brakus,Makenzieborough,8343,2017-06-24
Viva Ondricka,North Martine,7916,2018-03-03
Calista O'Hara DVM,South Lorineton,697,2018-03-08
Scotty Borer IV,Mitchellchester,3463,2017-12-27
Iliana Douglas MD,South Blanca,4136,2017-05-16
Gail Tremblay,West Morgan,7083,2017-03-29
Jerrod Kovacek,East Carleton,3869,2017-10-18
Don Mitchell,Port Edisonview,9448,2017-07-18
Miss Jaqueline McClure,Stephanfort,558,2018-01-31
Julian Zieme DVM,Luisville,311,2017-12-05
Ms. Kyra Sipes,Vincenttown,2258,2017-05-05
Aileen Rau V,Breitenbergland,9575,2017-11-10
Dr. Maximilian Johnston,Lake Jayceemouth,6119,2017-09-22
Preston Howell,Sporerberg,1046,2017-07-08
Joelle Dicki PhD,Ornton,1889,2017-08-05
Rosina Tromp,Hackettmouth,5072,2017-10-06
Dr. Colt Dooley,New Benjaminchester,8149,2017-09-08
Miss Daryl Runolfsdottir,Waltonland,20,2018-01-02
Aylin Beatty DDS,South Roderick,1048,2017-10-13
Isabelle Dickinson,Kacieborough,7682,2017-11-08
Magali Pagac,West Corybury,6724,2017-03-20
Ettie Schinner,Cartwrightborough,2278,2018-03-13
Elyssa Skiles,West Doyle,6333,2017-09-15
Daron Veum I,West Mary,7745,2017-09-07
Jared Dare Jr.,Annamarietown,7260,2017-08-15
Princess Kohler V,West Fannie,7870,2017-05-11
Mr. Lyda Kuhn,Lake Jasmintown,2657,2017-07-19
Delaney Spencer II,Schmidtland,8371,2017-10-15
Orin Vandervort,North Brooklyntown,8428,2017-05-11
Jarvis Batz,Lockmanfort,4186,2017-09-08
Melyna Bahringer,East Bart,4181,2017-03-17
Bonnie Sipes,East Lilyburgh,2456,2018-02-28
Miss Noe Lueilwitz,Harrisburgh,6626,2017-07-09
Westley Mayer IV,New Berthafurt,4574,2017-08-18
Elias Bergnaum,South Bettie,5171,2017-05-24
Scotty Bednar,North Carolyne,465,2017-03-25
Lesley Nader,East Noahmouth,9523,2017-06-05
Jada Schneider,Robelborough,9352,2017-07-01
Chloe Balistreri,South Kaley,8491,2017-03-19
Aron Harvey,Lake Johnniechester,7076,2017-11-05
Ms. Leilani Grady,West Leonora,1143,2017-05-04
Sonia Bahringer,Littleborough,4893,2017-08-06
Aimee Kuphal,Reingerton,1891,2017-07-13
Martin Schultz,West Marieside,5237,2017-12-24
Elvera Keebler,Rathtown,2008,2018-02-28
Antoinette Abshire,Lake Jean,9902,2017-11-22
Marcelle Corkery DDS,East Orenberg,4079,2017-05-18
Freddy Fadel,Dericktown,4952,2017-04-26
Miss Nash Rohan,Lake Zack,3134,2017-08-16
Lilly Padberg DVM,Aniyaland,35,2017-11-25
Marc Bartell,Julieburgh,9333,2018-02-08
Miss Lizeth Waelchi,Ritchiefurt,9257,2017-09-12
Maddison Crona,Susanashire,4927,2017-05-17
Ms. Melvin Johnston,Greenfeldermouth,2021,2017-05-30
Marcella Zboncak,Kuvalishaven,202,2017-09-06
Enola Rodriguez,Twilaville,4805,2017-09-03
Missouri Kuhlman,South Kevin,8574,2017-05-06
Kory Altenwerth DVM,Neldaville,2957,2017-08-14
Amber Larson Sr.,Franeckiville,3961,2017-08-12
Salvador MacGyver PhD,Joshbury,991,2017-07-27
Yadira Mohr,Consuelochester,8425,2017-07-26
Miss Robert Hayes,New Ericfort,3674,2017-04-12
Joany Pfeffer,Lianaburgh,6375,2017-07-18
Lupe Oberbrunner,Anabelton,2587,2017-08-03
Miss Marjorie Erdman,Nienowland,2834,2017-05-14
Marie Hettinger,West Jaleel,6869,2017-06-28
Katharina Cassin,Port Martina,6947,2017-04-06
Katarina Koch,North Faustoville,9100,2017-10-12
Hilma Rosenbaum,Lockmanton,2159,2017-06-04
Delaney Ritchie,Port Kira,3160,2017-09-27
Laurianne Howell DVM,Lukasview,5274,2017-05-08
Mr. Simone Kilback,New Noemyside,2511,2018-01-30
Esther Dickens,Port Vadaton,7763,2017-10-01
Mrs. Raymond Ruecker,Hilpertport,8138,2018-02-19
Mrs. Monique Bauch,South Marielle,2163,2017-08-07
Mathew Schuppe,Bergeport,4992,2017-12-04
Elinore Stokes,North Skyla,588,2017-11-29
Delia Wuckert PhD,Kesslerbury,696,2017-06-30
Myrl Sanford,Port Marlen,7955,2017-06-24
Devon Cummings,South Breanaside,969,2017-08-20
Mrs. Ignatius Miller,North Gunner,4703,2017-09-14
Casimir Dickinson,Weimannmouth,3425,2017-09-20
Rachael Terry,Osbaldoton,4815,2017-12-07
Mrs. Maurine MacGyver,Yeseniamouth,1999,2017-06-08
Kelsie Sipes V,Port Ebbaburgh,6211,2017-08-18
Bradley Hegmann,McGlynnburgh,1259,2017-08-02
Geraldine Kunze,Parisianburgh,9835,2017-08-22
Dr. Cruz Kling,East Belle,3606,2017-11-30
Efrain Johnson,Port Patsy,9854,2017-04-15
Eliane Willms,West Magalihaven,8887,2017-11-25
Jan Ebert I,Elbertborough,917,2017-08-05
Avis Runte MD,New Bettie,1716,2017-11-01
Angus Rowe II,Lake Elijah,3982,2018-02-20
Pearline Legros,Lake Madelynn,3807,2018-02-09
Miss Brianne Koelpin,Port Berta,1307,2018-02-05
Marquise Brakus,Lake Geovanny,4620,2017-10-17
Kendall Jacobson,East Madieshire,317,2017-11-03
